{"cameraMode":{"drawMode":0,"name":"Shaded","section":"Shading Mode"},"sceneLighting":true,"audioPlay":false,"sceneViewState":{"showFog":true,"showMaterialUpdate":false,"showSkybox":true,"showFlares":true,"showImageEffects":true,"showParticleSystems":true},"in2DMode":false,"pivot":{"x":16.5,"y":-1.7000000476837159,"z":1.9652633666992188},"rotation":{"x":0.21544189751148225,"y":0.6951897144317627,"z":-0.23209385573863984,"w":0.6453126668930054},"size":58.1001091003418,"orthographic":false}